1,applicant,"지원자, 신청자",,,,,,
1,apprehensive,"걱정하는, 염려하는",,,,,,
1,aptitude,"재능, 소질",,,,,,
1,associate,관련시키다,,,,,,
1,bilingual,2개 국어를 구사하는,,,,,,
1,broad,폭넓은,,,,,,
1,candidate,"지원자, 후보자",,,,,,
1,certification,"증명서, 증명",,,,,,
1,commensurate,"비례한, 액수가 상응하는",,,,,,
1,confidence,"확신, 자신, 신임",,,,,,
1,consultant,"고문, 컨설턴트",,,,,,
1,degree,학위,,,,,,
1,eligible,"자격이 있는, 적격의",,,,,,
1,employment,고용,,,,,,
1,entitle,~에게 ~할 자격을 주다,,,,,,
1,get through,"합격하다, ~을 무사히 마치다",,,,,,
1,highly,"매우, 몹시",,,,,,
1,increment,"증가, 인상",,,,,,
1,lag,"뒤쳐지다, 뒤떨어지다",,,,,,
1,managerial,관리의,,,,,,
1,match,"~에 어울리다, 조화되다",,,,,,
1,meet,만족시키다,,,,,,
1,minimum,최소한도,,,,,,
1,occupation,직업,,,,,,
1,opening,"공석, 결원; 개시, 개장",,,,,,
1,otherwise,"달리, 다른방법으로; 그렇지 않다면",,,,,,
1,paycheck,"급료, 급료 지불 수표",,,,,,
1,payroll,"임금대장, 급료 명부",,,,,,
1,pension,연금,,,,,,
1,probationary,"견습중의, 가채용의",,,,,,
1,professional,"직업의, 전문적인",,,,,,
1,proficiency,"숙달, 능숙",,,,,,
1,prospective,"장례의, 미래의",,,,,,
1,qualified,"자격 있는, 적격의",,,,,,
1,recruit,모집하다,,,,,,
1,reference,"추천서, 참고",,,,,,
1,regardless of,~에 관계없이,,,,,,
1,requirement,필요조건,,,,,,
1,resume,이력서,,,,,,
1,wage,"임금, 급료",,,,,,
2,abolish,폐지하다,,,,,,
2,access,"이용권한, 접근; 통로",,,,,,
2,accordance,"일치,조화",,,,,,
2,according to,~에 따라,,,,,,
2,accuse,"비난하다, 고소하다",,,,,,
2,adhere,"고수하다, 지키다",,,,,,
2,approval,"승인,인가",,,,,,
2,at all times,"항상, 언제나",,,,,,
2,attire,"복장, 옷차림새",,,,,,
2,attorney,변호사,,,,,,
2,authorize,~을 인가하다,,,,,,
2,circumscribe,~을 제한하다,,,,,,
2,code,"규범, 관례; 암호",,,,,,
2,comply,"따르다, 준수하다",,,,,,
2,concern,"우려, 걱정",,,,,,
2,custody,"강금, 구류",,,,,,
2,effect,"효과, 영향, 효력",,,,,,
2,enforce,"시행하다, 집행하다",,,,,,
2,exception,예외,,,,,,
2,form,"유형, 양식",,,,,,
2,fraud,사기,,,,,,
2,habit,"버릇, 습관",,,,,,
2,immediately,"즉시, 곧",,,,,,
2,infringement,침해,,,,,,
2,legislation,"법률, 법규",,,,,,
2,legitimate,"합법적인, 적법한",,,,,,
2,litigation,"소송, 기소",,,,,,
2,observance,준수,,,,,,
2,petition,"진정서, 탄원서",,,,,,
2,policy,규정; 보험증권,,,,,,
2,procedure,절차,,,,,,
2,prohibit,금지하다,,,,,,
2,prosecute,기소하다,,,,,,
2,refrain,"자제하다, 삼가다",,,,,,
2,regulation,규정; 보험증권,,,,,,
2,restrict,"제한하다, 한정하다",,,,,,
2,severely,"심하게, 엄격하게",,,,,,
2,standard,"기준, 표준",,,,,,
2,thoroughly,철저하게,,,,,,
2,violate,위반하다,,,,,,
3,accustomed,~에 익숙한,,,,,,
3,acquaint,"~에게 ~을 숙지시키다, 잘 알게 하다",,,,,,
3,affiliate,"계열사, 지부",,,,,,
3,attendance,출석,,,,,,
3,check,"검사하다, 조사하다",,,,,,
3,colleague,동료,,,,,,
3,concentrate,집중하다,,,,,,
3,condense,"간추리다, 요약하다",,,,,,
3,conglomerate,거대복합기억,,,,,,
3,convey,전달하다,,,,,,
3,corporation,"주식회사, 법인",,,,,,
3,delegate,"위임하다, 대표",,,,,,
3,demanding,요구가 많은,,,,,,
3,directly,곧바로,,,,,,
3,division,부서,,,,,,
3,efficiently,효율적으로,,,,,,
3,electronically,"온라인 상으로, 컴퓨터 통신망으로",,,,,,
3,extension,"연장, 연기; 내선",,,,,,
3,follow up on,~에 대해 후속 조치하다.,,,,,,
3,impending,"임박한, 절박한",,,,,,
3,in one's absence,~의 부재시에,,,,,,
3,in writing,서면으로,,,,,,
3,instruct,지시하다,,,,,,
3,involved,"관계된, 연루된",,,,,,
3,manage,~을 경영하다; 그럭저럭 ~ 하다,,,,,,
3,memorandum,회람,,,,,,
3,notify,"~에게 통지하다, 알리다",,,,,,
3,on one's own,"혼자서, 혼자 힘으로",,,,,,
3,oversee,감독하다,,,,,,
3,proprietor,소유자,,,,,,
3,quarterly,한 해 네 번의,,,,,,
3,release,"공개하다, 발표하다",,,,,,
3,remind,"~에게 상기시키다, 일깨우다",,,,,,
3,request,"요청, 요청하다",,,,,,
3,revision,"수정, 개정",,,,,,
3,submit,제출하다,,,,,,
3,subordinate,"부하직원, 하급자",,,,,,
3,subsidiary,자회사,,,,,,
3,supervision,감독,,,,,,
3,translation,번역,,,,,,
4,accomplish,성취하다,,,,,,
4,adjust,적응하다,,,,,,
4,agree,동의하다,,,,,,
4,aspiration,"열망, 포부",,,,,,
4,assign,"할당하다, 배정하다",,,,,,
4,assist,"돕다, 조력하다.",,,,,,
4,assume,사실이라고 생각하다; 떠 맡다,,,,,,
4,combined,"합동의, 결합된",,,,,,
4,conduct,수행하다,,,,,,
4,confidential,"기밀의, 내밀한",,,,,,
4,contrary,반대로,,,,,,
4,coordinate,조정하다,,,,,,
4,count on,~에 의지하다,,,,,,
4,creditable,"훌륭한, 칭찬할만한",,,,,,
4,direct,~에게 길을 가리키다,,,,,,
4,disturbing,방해하는,,,,,,
4,draw on,"~을 이용하다, ~에 의지하다",,,,,,
4,duplicate,사본,,,,,,
4,eminent,"저명한, 탁월한",,,,,,
4,endeavor,"노력하다, 애쓰다",,,,,,
4,engage,"종사하다, 관여하다",,,,,,
4,execute,"수행하다, 실행하다",,,,,,
4,foster,"촉진하다, 육성하다",,,,,,
4,friction,"불화, 마찰",,,,,,
4,get along with,~와 사이좋게 지내다,,,,,,
4,hardly,거의 ~ 하지 않다,,,,,,
4,insubordinate,"반항하는, 복종하지 않는",,,,,,
4,intention,"의지, 의향",,,,,,
4,lax,"(행동 등이) 규율에 못 미치는, 느슨한",,,,,,
4,malign,"~을 헐뜯다, 중상하다",,,,,,
4,neutrality,"중립성, 중립",,,,,,
4,occasionally,"때때로, 가끔",,,,,,
4,personnel,직원,,,,,,
4,procrastinate,꾸물거리다,,,,,,
4,respectful,"정중한, 존중하는",,,,,,
4,respective,"각각의, 저마다의",,,,,,
4,responsible,"책임이 있는, 책임져야 할",,,,,,
4,routinely,"정기적으로, 일상적으로",,,,,,
4,subsequent,그 이후의,,,,,,
4,transform,"바꾸다, 변모시키다",,,,,,
4,undertake,떠맡다,,,,,,
4,voluntarily,자발적으로,,,,,,
4,widely,널리,,,,,,
5,accessible,출입할 수 있는; 이용할 수 있는,,,,,,
5,accidentally,"우연히, 뜻하지 않게",,,,,,
5,advisable,"바람직한, 합당한",,,,,,
5,aggravate,악화시키다,,,,,,
5,announcement,"공고, 발표",,,,,,
5,apparently,"보기에 ~ 한듯한, 외관상으로는",,,,,,
5,aspect,"관점, 국면",,,,,,
5,aware,"알고 있는, 인식하고 있는",,,,,,
5,compliance,준수,,,,,,
5,concered,"염려하는, 걱정하는; 관련된",,,,,,
5,contingency,"불의의 사태, 뜻밖의 일",,,,,,
5,demonstrate,증명하다; 설명하다,,,,,,
5,divide,나누다,,,,,,
5,embrace,"받아들이다, 포용하다",,,,,,
5,evacuate,대피하다,,,,,,
5,expertise,전문적 기술,,,,,,
5,extended,"연장한, 장기간에 걸친",,,,,,
5,face,직면하다,,,,,,
5,failure,"고장, 파손",,,,,,
5,follow,~을 따라가다,,,,,,
5,freedback,"의견, 반응",,,,,,
5,implement,"실행하다, 실시하다",,,,,,
5,inform,~에게 알리다,,,,,,
5,instead of,~ 대신에,,,,,,
5,interruption,"중단, 방해",,,,,,
5,make sure,확인하다,,,,,,
5,matter,문제,,,,,,
5,outstanding,우수한; 미결제된,,,,,,
5,privilege,"특원, 특전",,,,,,
5,promptly,즉시; 정각에,,,,,,
5,realistically,현실적으로,,,,,,
5,remainder,나머지,,,,,,
5,rush,서두르다,,,,,,
5,sign out,서명하여 외출을 기록하다,,,,,,
5,sophisticated,"정교한, 복잡한; 세련된",,,,,,
5,speak,이야기하다,,,,,,
5,take on,"(역할, 일을)떠맡다",,,,,,
5,timely,"시기적절한, 때를 맞춘",,,,,,
5,trigger,"야기하다, 유발하다",,,,,,
5,violation,"위반, 위배",,,,,,
6,abate,"누그러지다, 약해지다, 감소하다",,,,,,
6,adversity,"역격, 불운",,,,,,
6,ailing,"병든, 괴로워하는",,,,,,
6,assert,"단언하다, 주장하다",,,,,,
6,boost,"부양하다, 상승시키다",,,,,,
6,brisk,"호황의, 활발한",,,,,,
6,collapse,붕괴,,,,,,
6,commerce,"통상, 교역",,,,,,
6,consequence,결과,,,,,,
6,depression,불황,,,,,,
6,deteriorate,"악화되다, 나빠지다",,,,,,
6,dramatically,극적으로,,,,,,
6,dwindle,"줄어들다, 감소되다",,,,,,
6,economical,"경제적인, 절약되는",,,,,,
6,entail,"~을 수반하다, ~을 유발하다",,,,,,
6,failrly,"상당히, 꽤",,,,,,
6,fall,하락하다,,,,,,
6,flourish,"번창하다, 융성하다",,,,,,
6,impede,"저해하다, 방해하다",,,,,,
6,implication,"영향, 밀접한 관계",,,,,,
6,indicator,"지표, 지수",,,,,,
6,industrial,산업의,,,,,,
6,lead,"이끌다, 지휘하다;(어떤결과에)이르다",,,,,,
6,likely,~할 것 같은,,,,,,
6,overall,"전반적인, 총체적인",,,,,,
6,promising,"유망한, 전망이 좋은",,,,,,
6,prospect,"전망, 예상",,,,,,
6,prosperity,번영,,,,,,
6,rapidly,"급속히, 빨리",,,,,,
6,ratio,비율,,,,,,
6,remain,여전히 ~한 상태이다; 아직 ~해야한다,,,,,,
6,skyrocket,(가격 등이)치솟다,,,,,,
6,slowdown,경기후퇴,,,,,,
6,soar,"(물가 등이) 폭등하다, 높이 치솟다",,,,,,
6,stagnant,"침체된, 불경기의",,,,,,
6,supplement,"보완하다, 보충하다",,,,,,
6,thrive,"번영하다, 성공하다",,,,,,
6,unstable,"불안정한, 변하기 쉬운",,,,,,
6,volatile,(가격 등이)심하게 변동하는,,,,,,
6,wane,"감소, 쇠퇴",,,,,,
7,admission,입장,,,,,,
7,advocate,옹호자,,,,,,
7,alumni,동창생들,,,,,,
7,anonymous,"익명의, 이름을 모르는",,,,,,
7,appear,"나타나다, 출현하다",,,,,,
7,beneficial,"유익한, 이로운",,,,,,
7,care for,~을 돌보다,,,,,,
7,celebrity,"유명인사, 명사",,,,,,
7,censorship,검열,,,,,,
7,collection,"수집물, 소장품; 수금,징수",,,,,,
7,come in + 서수,~위로 입상하다,,,,,,
7,contestant,"경기자, 경쟁자",,,,,,
7,contributor,"기고가, 공헌자",,,,,,
7,current,현재의,,,,,,
7,defy,저항하다,,,,,,
7,donation,"기증, 기부",,,,,,
7,edition,판,,,,,,
7,enlightening,"계몽적인, 가르침을 주는",,,,,,
7,enthusiastically,열광적으로,,,,,,
7,exhibition,전시회,,,,,,
7,fascinating,"매혹적인, 황홀한",,,,,,
7,have yet to do,"아직~하고있지 않다, 아직 ~ 해야 하다",,,,,,
7,improvise,"즉흥 연주를 하다, 즉석에서 만들다",,,,,,
7,informative,"유익한, 정보를 주는",,,,,,
7,issue,"제 ~호, 문제, 쟁점",,,,,,
7,lend,빌려주다,,,,,,
7,live,생방송인,,,,,,
7,local,"지방의, 고장의",,,,,,
7,matinee,낮 공연,,,,,,
7,memoirs,"회고록, 자서전",,,,,,
7,municipal,"시의, 지방자치의",,,,,,
7,must-see,꼭 봐야 하는 것,,,,,,
7,note,주목하다,,,,,,
7,out of print,절판되어,,,,,,
7,periodical,정기 간행물,,,,,,
7,popular,인기있는,,,,,,
7,present,제시하다,,,,,,
7,publication,"간행물, 출판물",,,,,,
7,showing,상영,,,,,,
7,subscription,구독,,,,,,
7,transferable,양도할수있는,,,,,,
7,upcoming,"다가오는, 앞으로 올",,,,,,
7,variety,"다양성, 변화",,,,,,
8,affect,"~에 영향을 미치다, 불리하게 작용하다",,,,,,
8,analysis,분석,,,,,,
8,claim,주장,,,,,,
8,closely,"면밀히, 엄밀히",,,,,,
8,comparison,비교,,,,,,
8,competition,경쟁,,,,,,
8,consecutive,연속적인,,,,,,
8,consistently,"항상, 일관되게",,,,,,
8,consolidate,강화하다,,,,,,
8,contend,"대처하다, 싸우다",,,,,,
8,demand,수요,,,,,,
8,do one's utmost,전력을 다하다,,,,,,
8,effective,효과적인;유효한,,,,,,
8,especially,특히,,,,,,
8,examine,조사하다,,,,,,
8,expand,"넓히다, 확대하다",,,,,,
8,expectation,"예상, 기대",,,,,,
8,extremely,극도로,,,,,,
8,focus,"집중시키다, 집중하다",,,,,,
8,gap,격차,,,,,,
8,gauge,측정하다,,,,,,
8,impact,"충격, 영향",,,,,,
8,intervention,간섭,,,,,,
8,jeopardize,"위태룁게 하다, 위험에 빠뜨리다",,,,,,
8,modestly,겸손하게,,,,,,
8,momentum,"추진력,탄성",,,,,,
8,monopoly,"전매, 독점",,,,,,
8,mounting,"증가하는, 오르는",,,,,,
8,perception,"인식, 지각",,,,,,
8,persistent,"끊임없는, 계속되는",,,,,,
8,probable,"유망한, 가망성 있는",,,,,,
8,raise,"올리다, 높이다; 의문을 제기하다",,,,,,
8,randomly,"임의로, 무작위로",,,,,,
8,reflective,반영하는,,,,,,
8,respondent,응답자,,,,,,
8,seasonal,"계절의, 계절적인",,,,,,
8,segment,"부분, 조각",,,,,,
8,survey,설문조사,,,,,,
8,tool,도구,,,,,,
9,adopt,채택하다,,,,,,
9,advantage,"이점, 강점",,,,,,
9,advertisement,광고,,,,,,
9,advise,"조언해 주다, 충고하다",,,,,,
9,aggressively,적극적으로,,,,,,
9,aim,"~을 겨누다; 목표, 목적",,,,,,
9,attract,"끌다, 유인하다",,,,,,
9,await,기다리다,,,,,,
9,cater,요구를 들어주다,,,,,,
9,confront,~에 직면하다,,,,,,
9,consumer,소비자,,,,,,
9,creative,"창조적인, 독창적인",,,,,,
9,customer,고객,,,,,,
9,deliberate,고의적인,,,,,,
9,diversify,다양화하다,,,,,,
9,effort,노력,,,,,,
9,endorse,"보증 선전하다, 지지하다",,,,,,
9,experiment,실험하다,,,,,,
9,favorably,"호의적으로, 순조롭게",,,,,,
9,feasible,실행 가능한,,,,,,
9,fortify,"강화하다, 장려하다",,,,,,
9,forward,앞으로,,,,,,
9,incentive,"혜택, 장려금",,,,,,
9,indicate,"나타내다, 보여주다",,,,,,
9,influence,~에 영향을 주다,,,,,,
9,instantly,"즉각적으로, 즉기",,,,,,
9,introduce,"소개하다, 발표하다",,,,,,
9,largely,"주로, 대부분",,,,,,
9,less,"보다 적은, 덜한",,,,,,
9,majority,"대부분, 대다수",,,,,,
9,marginal,약간의,,,,,,
9,mastermind,"입안자, 지도자",,,,,,
9,means,"방법, 수단",,,,,,
9,necessarily,반드시,,,,,,
9,need,"필요; 욕구, 요구; ~할 필요가 있다",,,,,,
9,repeatedly,"거듭, 되풀이하여",,,,,,
9,strategy,전략,,,,,,
10,affordable,"알맞은, 감당할 수 있는",,,,,,
10,alter,"고치다, 바꾸다",,,,,,
10,apparel,"의복, 의류",,,,,,
10,apply,적용하다;지원하다,,,,,,
10,area,지역,,,,,,
10,auction,경매,,,,,,
10,authentic,"진짜의, 진품의",,,,,,
10,benefit,"혜택, 이익",,,,,,
10,carefully,"주의깊에, 신중히",,,,,,
10,charge,"요금, 청구금액; 책임, 의무",,,,,,
10,delivery,배달,,,,,,
10,description,"설명서, 해설",,,,,,
10,dilute,희석하다,,,,,,
10,equivalent,"~에 상당하는, 맞먹는",,,,,,
10,exactly,정확히,,,,,,
10,exclusively,"독점적으로, 오로지",,,,,,
10,exquisite,"정교한, 우아한",,,,,,
10,fit,"~에 꼭 맞다, ~에 적합하다",,,,,,
10,installment,할부,,,,,,
10,lately,최근에,,,,,,
10,merchandise,상품,,,,,,
10,method,"방법, 방식",,,,,,
10,notice,통지,,,,,,
10,offer,"제공하다, 제공",,,,,,
10,officially,공식적으로,,,,,,
10,price,가격,,,,,,
10,purchase,"구매하다, 구매",,,,,,
10,readily,"즉시, 손쉽게",,,,,,
10,receipt,영수증,,,,,,
10,redeemable,"상황할 수 있는, 되찾을 수 있는",,,,,,
10,refund,"환불, 환불금",,,,,,
10,relatively,상대적으로,,,,,,
10,scent,"향기, 냄새",,,,,,
10,sturdy,튼튼한,,,,,,
10,tax,세금,,,,,,
10,thrifty,"검소한, 검약하는",,,,,,
10,valid,유효한,,,,,,
10,value,가치;가격;대가물,,,,,,
10,voucher,"상품권, 인환권",,,,,,
10,warranty,"보증, 보증서",,,,,,
11,assemble,조립하다,,,,,,
11,attribute,"~에 돌리다, ~의 덕분으로 돌리다",,,,,,
11,automate,자동화하다,,,,,,
11,capable,"~을 할 수 있는, ~할 능력이 있는",,,,,,
11,capacity,"수용력, 용량",,,,,,
11,carelessly,부주의하게,,,,,,
11,chemical,화학제품,,,,,,
11,coming,"다가오는, 앞으로 올",,,,,,
11,comparable,"필적하는, 비교되는",,,,,,
11,damaged,"손상된, 손해를 입은",,,,,,
11,device,장치,,,,,,
11,discontinue,중단하다,,,,,,
11,efficiency,"효율, 능륭",,,,,,
11,equipment,"장비, 설비",,,,,,
11,evidently,"분명히, 명백히",,,,,,
11,fabricate,제작하다,,,,,,
11,facility,시설,,,,,,
11,fill,~을 채우다,,,,,,
11,finished,완성된,,,,,,
11,halt,"중단, 정지",,,,,,
11,launch,출시하다,,,,,,
11,material,"재료, 물질",,,,,,
11,operate,"작동하다, 움직이다",,,,,,
11,operational,"작동하는, 작동 가능한",,,,,,
11,place,~을 한 상태에 두다; (주문을)하다,,,,,,
11,power,"전력, 전기",,,,,,
11,precaution,"예방조치, 예방책",,,,,,
11,prevent,"~을 막다, ~을 예방하다",,,,,,
11,processing,"처리, 가공",,,,,,
11,procurement,조달,,,,,,
11,produce,생산하다,,,,,,
11,properly,"제대로, 정확하게",,,,,,
11,protective,보호하는,,,,,,
11,quota,"할당량, 할당",,,,,,
11,safety,안전,,,,,,
11,separately,"개별적으로, 따로따로",,,,,,
11,specification,"명세서, 설명서",,,,,,
11,stage,단계,,,,,,
11,tolerance,관용,,,,,,
11,utilize,"이용하다, 활용하다",,,,,,
12,absolute,"완전한, 완전무결한",,,,,,
12,accurate,정확한,,,,,,
12,advance,"진보, 전진",,,,,,
12,allow,"~하게 하다, ~을 허락하다",,,,,,
12,appearance,"외관, 외양",,,,,,
12,bewildering,당혹케 하는,,,,,,
12,breakthrough,비약적 발전,,,,,,
12,broaden,넓히다,,,,,,
12,compatible,"호환성의, 양립할 수 있는",,,,,,
12,complement,"보완하다, 보충하다",,,,,,
12,concurrently,동시에,,,,,,
12,control,"관리하다, 통제하다",,,,,,
12,corrosion,부식,,,,,,
12,development,"개발, 발전",,,,,,
12,devise,"고안하다, 발명하다",,,,,,
12,disruption,"중단, 혼란",,,,,,
12,durable,"내구성 있는, 튼튼한",,,,,,
12,envision,"상상하다, 계획하다",,,,,,
12,feature,"특징, 특색",,,,,,
12,following,~후에,,,,,,
12,grant,"주다, 수여하다; 보조금",,,,,,
12,hold,"~을 담다, ~을 수용하다",,,,,,
12,improve,"개선하다, 향상시키다",,,,,,
12,increasingly,"점점, 더욱 더",,,,,,
12,indication,"징후, 조짐",,,,,,
12,innovative,혁신적인,,,,,,
12,inspect,"~을 조사하다, 검사하다",,,,,,
12,inspiration,영감,,,,,,
12,interpretation,"해석, 설명",,,,,,
12,manufacturer,"제조회사, 제조업자",,,,,,
12,obsolete,"시대에 뒤떨어진, 구식의",,,,,,
12,patent,"특허원, 특허품",,,,,,
12,patronize,"~을 단골로 삼다, ~와 거래하다",,,,,,
12,quality,"품질, 질",,,,,,
12,reliable,"믿을 만한, 신뢰할 수 있는",,,,,,
12,research,"연구, 조사",,,,,,
12,revolutionary,혁명적인,,,,,,
12,sleek,세련된,,,,,,
12,state-of-the-art,최신식의,,,,,,
12,streamline,"능률적으로 하다, 합리화 하다",,,,,,
12,sufficiently,충분히,,,,,,
12,superior,"우수한, 상급의",,,,,,
12,technical,기술적인,,,,,,
12,vulnerable,취약한,,,,,,
13,apologize,사과하다,,,,,,
13,appropriately,적절하게,,,,,,
13,argumentative,"논쟁적인, 논쟁을 좋아하는",,,,,,
13,blemish,"흠, 결점",,,,,,
13,cause,"~을 야기하다, ~의 원인이 되다",,,,,,
13,commitment,"헌신, 전념",,,,,,
13,complaint,불평,,,,,,
13,complete,"완료하다, 완성하다; 완료된, 완성된",,,,,,
13,compliment,칭찬,,,,,,
13,confident,자신 있는,,,,,,
13,courteous,예의바른,,,,,,
13,critical,비판적인,,,,,,
13,deal,처리하다; 거래하다;분배하다,,,,,,
13,defective,결함이 있는,,,,,,
13,disclose,"공개하다, 드러내다",,,,,,
13,escort,"~을 바래다 주다, 에스코트하다",,,,,,
13,evaluation,평가,,,,,,
13,fix,수리하다,,,,,,
13,for tree,무료로,,,,,,
13,further,그 이상의,,,,,,
13,genuine,"진짜의, 진품의",,,,,,
13,guarantee,보장하다;보장,,,,,,
13,hesitate,주저하다,,,,,,
13,inconvenience,불편,,,,,,
13,infuriate,"격분시키다, 화나게하다",,,,,,
13,inquire,질문하다,,,,,,
13,insert,삽입하다,,,,,,
13,mistakenly,"잘못되게, 틀리게",,,,,,
13,notification,통지,,,,,,
13,politely,예의 바르게,,,,,,
13,rebate,"환ㅂ루하다, 리베이트 하다",,,,,,
13,replace,"~을 교체하다, 대체하다",,,,,,
13,respond,응답하다,,,,,,
13,return,"반환하다, 반송하다",,,,,,
13,satisfaction,만족,,,,,,
13,seriously,진지하게,,,,,,
13,specific,"구체적인, 명확한",,,,,,
13,unwavering,"확고한, 동요하지 않는",,,,,,
14,accumulate,축적하다,,,,,,
14,allowance,"허용치; 참작, 특별한 고려",,,,,,
14,approximately,대략,,,,,,
14,attraction,관광 명소,,,,,,
14,away,떨어져서,,,,,,
14,baggage,수화물,,,,,,
14,beforehand,"이전에, 미리",,,,,,
14,board,탑승하다; 이사회,,,,,,
14,brochure,"소책자, 브로셔",,,,,,
14,customs,세관,,,,,,
14,declare,(세관에서)신고하다,,,,,,
14,depart,출발하다,,,,,,
14,destination,목적지,,,,,,
14,deverse,다양한,,,,,,
14,dramatic,"극적인, 멋진",,,,,,
14,duty,"관세, 세금;의무",,,,,,
14,embassy,대사관,,,,,,
14,emergency,비상사태,,,,,,
14,exotic,"이국적인, 매혹적인",,,,,,
14,fill out/in,(서류에)적어넣다,,,,,,
14,hospitality,"환대, 친절",,,,,,
14,indulge,"탐닉하다, 빠지다",,,,,,
14,international,국제적인,,,,,,
14,itinerary,여행 일정(표),,,,,,
14,jet lag,시차증,,,,,,
14,laundry,세탁물,,,,,,
14,locate,"찾아내다,~을 위치시키다",,,,,,
14,missing,"행방 불명의, 사라진",,,,,,
14,overhead,머리 위의,,,,,,
14,precisely,정확히,,,,,,
14,prior to,~이전에,,,,,,
14,proximity,"가까움, 근접함",,,,,,
14,remittance,송금,,,,,,
14,round trip,왕복 여행,,,,,,
14,seating,좌석 설비; 좌석배열,,,,,,
14,superb,"뛰어난, 최고의",,,,,,
14,swap,"맞바꾸다, 교환하다",,,,,,
14,touch down,착륙하다,,,,,,
14,tour,"견학, 짧은 여행",,,,,,
14,unavailable,"구할 수 없는, 이용할 수 없는",,,,,,
14,unique,독특한,,,,,,
14,unlimited,무제한의,,,,,,
15,agreement,"계약, 협정; 합의",,,,,,
15,alliance,"동맹, 제휴",,,,,,
15,annotated,(책 등이) 주석이 달린,,,,,,
15,annulment,"무효화, 취소",,,,,,
15,arbitration,중재,,,,,,
15,bid,입찰,,,,,,
15,challenging,"도전적인, 힘든",,,,,,
15,collaborate,"공동으로 일하다, 협동하다",,,,,,
15,compromise,"타협, 화해",,,,,,
15,contract,계약;계약하다;수축하다,,,,,,
15,cooperatively,"협력하여, 협조적으로",,,,,,
15,deadlock,교착 상태,,,,,,
15,dispute,"논쟁, 분쟁",,,,,,
15,embark,"착수하다, 나서다",,,,,,
15,expire,만기가 된다,,,,,,
15,foundation,"토대, 기초",,,,,,
15,impartially,"공명정대하게, 치우치지 않게",,,,,,
15,imperative,"반드시 해야 하는, 필수적인",,,,,,
15,impression,인상,,,,,,
15,initially,"처음에, 초기에",,,,,,
15,mediation,"조정, 중재",,,,,,
15,moderator,"(토론 등의) 사회자, 중재자",,,,,,
15,modify,"일부 변경하다, 수정하다",,,,,,
15,narrow,좁히다,,,,,,
15,negotiation,"교섭, 협상",,,,,,
15,opposing,"대립하는, 반대하는",,,,,,
15,originally,"원래, 처음에는",,,,,,
15,preamble,"서론, 서문",,,,,,
15,proceed,"(일이)행해지다, 진척되다",,,,,,
15,proposal,"계획, 안",,,,,,
15,provision,(조약의)조항,,,,,,
15,renew,갱신하다,,,,,,
15,review,"검토하다, 재조사하다",,,,,,
15,rigid,"엄격한, 완고한",,,,,,
15,settle,"해결하다, 처리하다",,,,,,
15,solicit,"요청하다, 간청하다",,,,,,
15,stipulation,계약조건,,,,,,
15,surely,"틀림없이, 꼭",,,,,,
15,term,"조건; 임기, 기한",,,,,,
15,terminate,"끝내다, 종결시키다",,,,,,
16,acclaim,"찬사, 호평",,,,,,
16,antitrust,독점 금지의,,,,,,
16,assure,"~에게 보장하다, ~을 안심시키다",,,,,,
16,at the latest,늦어도,,,,,,
16,attain,달성하다,,,,,,
16,bulk,대량의,,,,,,
16,capitalize on,"~을 이용하다, 기회로 삼다",,,,,,
16,commodity,"상품, 산물",,,,,,
16,completely,"전적으로, 완전히",,,,,,
16,confirmation,확인 확증,,,,,,
16,consignment,위탁판매,,,,,,
16,contact,~와 연락을 취하다; 교섭하고 있는 사람,,,,,,
16,cultivation,"우호 증진, 양성",,,,,,
16,dealer,"판매업자, 상인",,,,,,
16,depot,"창고, 저장소",,,,,,
16,diminish,감소하다,,,,,,
16,distribute,"배포하다, 배급하다",,,,,,
16,diversified,"다양한, 여러 가지의",,,,,,
16,do business with,~와 거래하다,,,,,,
16,encompass,"포함하다, 둘러싸다",,,,,,
16,engrave,"(문자, 도안 등을)~에 새기다",,,,,,
16,enviable,"부러워할 만한, 샘나는",,,,,,
16,inevitable,불가피한,,,,,,
16,inventory,"재고픔, 재고목록",,,,,,
16,invoice,"송장, 인보이스",,,,,,
16,keep track of,"~을 계속 알고 있다, ~에 대해 끊임없이 정보를 얻어내다",,,,,,
16,order,주문하다,,,,,,
16,provide,"공급하다, 제공하다",,,,,,
16,quote,견적액,,,,,,
16,refuse,거절하다,,,,,,
16,represent,~을 대표하다,,,,,,
16,retail,소매,,,,,,
16,satisfactory,만족스러운,,,,,,
16,selection,"선택된 것, 정선품",,,,,,
16,short,부족한,,,,,,
16,shortly,"곧, 얼마 안 있어",,,,,,
16,stock,재고; 주식,,,,,,
16,subject,~의 영향을 받기 쉬운;(동의 등을) 조건으로 하는; ~에게 (~을) 받게하다,,,,,,
16,supply,"공급하다, 제공하다",,,,,,
16,temporarily,일시적으로,,,,,,
16,unable,~할 수 없는,,,,,,
17,accelerate,"촉진하다, 가속화하다",,,,,,
17,acknowledge,인정하다;(편지등의) 수령을 알리다,,,,,,
17,address,"주소; 다루다, 처리하다",,,,,,
17,adequately,적절히,,,,,,
17,affix,(우표등을),,,,,,
17,attach,"붙이다, 접착하다",,,,,,
17,bilateral,쌍방의,,,,,,
17,by hand,"인편으로, 손으로",,,,,,
17,carton,(큰)판지 상자,,,,,,
17,caution,"주의, 조심",,,,,,
17,convenience,"편의, 편리",,,,,,
17,correspondence,"편지, 통신문",,,,,,
17,courier,급송 택배,,,,,,
17,deliver,배달하다;(연설을)하다,,,,,,
17,detach,떼다,,,,,,
17,efficient,"능률적인, 효과적인",,,,,,
17,embargo,"무역 금지, 통상 정지",,,,,,
17,enact,제정하다,,,,,,
17,enclose,~을 동봉하다; ~을 에워싸다,,,,,,
17,ensure,"보증하다, 확실하게 하다",,,,,,
17,envelope,봉투,,,,,,
17,expedite,"신속히 처리하다, 진척시키다",,,,,,
17,fragile,깨지기 쉬운,,,,,,
17,handle,"다루다, 취급하다",,,,,,
17,impose,부과하다,,,,,,
17,inaugurate,정식으로 ~을 개시하다,,,,,,
17,incorrect,부정확한,,,,,,
17,oblige,"~에게 강요하다, 할 수 없이 ~ 하게 하다",,,,,,
17,particularly,특히,,,,,,
17,perishable,부패하기 쉬운,,,,,,
17,postage,우편 요금,,,,,,
17,recipient,수신자,,,,,,
17,reciprocal,"상호의, 서로의",,,,,,
17,remarkable,"현저한, 두드러진",,,,,,
17,retaliation,보복,,,,,,
17,shipment,"선적, 발송; 탁송화물",,,,,,
17,step,"단계; 좇, 수단",,,,,,
17,surplus,"잉여, 흑자",,,,,,
18,accommodate,"~을 수용하다, 숙박시키다",,,,,,
18,agreeably,"쾌적하게, 기분 좋게",,,,,,
18,ahead,"미리, 앞서서",,,,,,
18,amenity,편의 시설,,,,,,
18,assorted,"여러가지 종류의, 다채로운",,,,,,
18,atmosphere,"분위기, 환경",,,,,,
18,available,(사물이)이용 가능한; (사람이)시간이 있는,,,,,,
18,belongings,"소지품, 수요물",,,,,,
18,check in,"체크인하다, 숙박수속을 하다",,,,,,
18,chef,주방장,,,,,,
18,choice,"선택물, 선택사항, 선택",,,,,,
18,compensate,~에게 보상하다,,,,,,
18,complication,복잡한 문제,,,,,,
18,complimentary,"무료의, 우대의",,,,,,
18,confirm,확인하다,,,,,,
18,connoisseur,"감정가, 감식가",,,,,,
18,conveniently,편리하게,,,,,,
18,cuisine,(독특한)요리,,,,,,
18,dignitary,고위관리,,,,,,
18,elegant,"우아한, 고상한",,,,,,
18,entirely,완전히,,,,,,
18,extensive,"광범위한, 넒은",,,,,,
18,flavor,"맛, 풍미",,,,,,
18,forfeit,"잃다, 몰수당하다",,,,,,
18,freshness,신선함,,,,,,
18,indigenous,"지역 교유의, 토착의",,,,,,
18,make,"~을 하다, ~을 만들다",,,,,,
18,occupancy,이용률,,,,,,
18,ocontainer,"그릇, 용기",,,,,,
18,polish,"~을 닦다, ~의 윤을 내다",,,,,,
18,rate,요금,,,,,,
18,reception,환영회; 접수처,,,,,,
18,recipe,"요리법, 조리법",,,,,,
18,reservation,예약,,,,,,
18,retain,"보유하다, 유지하다",,,,,,
18,stir,"휘젓다, 뒤섞다",,,,,,
18,taste,"~의 맛을 보다, 시식하다",,,,,,
18,utensil,"(부엌에서 쓰는)도구, 기구",,,,,,
19,anticipate,"기대하다, 예상하다",,,,,,
19,decline,"감소, 하락; 거절하다",,,,,,
19,decrease,감소하다,,,,,,
19,demoralize,~의 사기를 꺾다,,,,,,
19,depend,"~에 따라 결정되다, ~에 달려 있다",,,,,,
19,deviate,"빗나가다, 일탈하다",,,,,,
19,disappointing,"실망스러운, 실망시키는",,,,,,
19,encouraging,용기를 북돋워주는,,,,,,
19,exceed,~을 초과하다,,,,,,
19,factor,"요소, 원인",,,,,,
19,figure,"합계 수, 총액",,,,,,
19,growth,"성장, 발전",,,,,,
19,illustrate,"설명하다, 예증하다",,,,,,
19,impressive,"굉장한, 인상적인",,,,,,
19,inaccurate,부정확한,,,,,,
19,increase,증가; 증가하다,,,,,,
19,incur,"(손실읍)입다, (빚을)지다",,,,,,
19,indicative,"나타내는, 암시하는",,,,,,
19,infusion,"주입, 혼합",,,,,,
19,make up for,"~을 만회하다, 보상하다",,,,,,
19,markedly,"현저하게, 눈에 띄게",,,,,,
19,meagerly,"빈약하게, 불충분하게",,,,,,
19,minimally,"극히 작게, 최소한으로",,,,,,
19,offset,"상쇄하다, 벌충하다",,,,,,
19,percentage,백분율,,,,,,
19,production,"생산, 생산량",,,,,,
19,profit,"이익, 수익",,,,,,
19,projection,"예상, 예상치",,,,,,
19,proportion,"부분, 몫",,,,,,
19,recent,최근의,,,,,,
19,reduce,"줄이다, 감소시키다",,,,,,
19,regular,정기적인; 단골의,,,,,,
19,representative,"판매 대리인, 세일즈맨; 대표자",,,,,,
19,revenue,수입,,,,,,
19,sale,"(-s)매출액, 매상고; 재고 정리 판매",,,,,,
19,significantly,"상당히, 두드러지게",,,,,,
19,slightly,약간,,,,,,
19,substantial,상당한,,,,,,
19,summarize,요약하다,,,,,,
19,tend,"~하는 경향이 있다, ~ 하기 쉽다",,,,,,
19,unusually,"유난히, 비정상적으로",,,,,,
20,accountant,회계사,,,,,,
20,accurately,정확하게,,,,,,
20,allocate,"할당하다, 배분하다",,,,,,
20,amend,수정하다,,,,,,
20,audit,"회계 감사, 심사",,,,,,
20,barely,"가까스로, 거의 ~ 하지 않는",,,,,,
20,budget,예산,,,,,,
20,calculate,계산하다,,,,,,
20,committee,위원회,,,,,,
20,compare,비교하다,,,,,,
20,curtail,"~을 줄이다, 삭감하다",,,,,,
20,deduct,"공제하다, 빼다",,,,,,
20,deficient,"부족한, 불충분한",,,,,,
20,deficit,"적자, 부족액",,,,,,
20,discrepancy,"불일치, 차이",,,,,,
20,excess,"초과, 초과량",,,,,,
20,exempt,"면제된, ~이 없는",,,,,,
20,expenditure,"지출, 비용",,,,,,
20,financial,"재정의, 금전상의",,,,,,
20,fiscal,"회계의, 재정상의",,,,,,
20,fund,자금; 자금을 공급하다,,,,,,
20,generate,"창출하다, 야기하다",,,,,,
20,in the red,적자 상태인,,,,,,
20,incidental,부수적인,,,,,,
20,inconsistency,불일치,,,,,,
20,inflation,"인플레이션, 물가상승, 통화팽창",,,,,,
20,ledger,회계 장부,,,,,,
20,liability,"책임;(-ties)부채, 채무",,,,,,
20,liable,책임져야 할; ~하기 쉬운,,,,,,
20,monetary,"금전의, 재정적인",,,,,,
20,outlay,"지출, 경비",,,,,,
20,overcome,극복하다,,,,,,
20,preferred,"우선의, 선호되는",,,,,,
20,recently,최근에,,,,,,
20,reimburse,"변제하다, 상환하다",,,,,,
20,rigorously,엄격히,,,,,,
20,spend,"~을 쓰다, 소비하다",,,,,,
20,stringently,"엄격히, 엄중하게",,,,,,
20,substantially,"크게, 상당히",,,,,,
20,total,"총계의, 전부의",,,,,,
20,turnover,"총 매상고, 거래액; 이직률",,,,,,
20,worth,~의 가치가 있는,,,,,,
21,accept,"수락하다, 승낙하다",,,,,,
21,acquire,"매입하다, 취득하다",,,,,,
21,active,"적극적인, 활발한",,,,,,
21,allegedly,주장하는 바에 따르면,,,,,,
21,announce,발표하다,,,,,,
21,asset,자산,,,,,,
21,authority,"권한; 당국, 관헌",,,,,,
21,clout,영향력,,,,,,
21,considerable,(정도나 양이) 상당한,,,,,,
21,contingent,"~에 따라 결정되는, ~여하에 달린",,,,,,
21,contribute,"기여하다, 공헌하다",,,,,,
21,dedicated,"일신을 바친, 헌신적인",,,,,,
21,emerge,"부각하다, 나타나다",,,,,,
21,enhance,"(질 등을) 높이다, 강화하다",,,,,,
21,establish,설립하다,,,,,,
21,established,"확고한, 정평이 있는",,,,,,
21,expansion,"확장, 팽창",,,,,,
21,force,세력,,,,,,
21,foresee,"예견하다, 예감하다",,,,,,
21,go through,"(고난, 경험을)겪다",,,,,,
21,independent,"독립의, 독자적인",,,,,,
21,informed,정보에 근거한,,,,,,
21,initiate,"(사업등을) 시작하다, 착수하다",,,,,,
21,interested,관련있는; 관심이 있는,,,,,,
21,liquidate,"(회사를)정리하다, 해산하다",,,,,,
21,merge,"합병하다, 병합하다",,,,,,
21,premier,"으뜸의, 첫째의",,,,,,
21,productivity,생산성,,,,,,
21,progressive,진보적인,,,,,,
21,relocate,(공장 등을) 이전하다,,,,,,
21,reveal,"밝히다, 누설하다",,,,,,
21,run,~을 경영하다,,,,,,
21,simultaneously,동시에,,,,,,
21,stance,"태도, 입장",,,,,,
21,strategic,전략적인,,,,,,
21,strike,"동맹 파업, 노동 쟁의",,,,,,
21,struggle,"애쓰다, 분투하다",,,,,,
21,subsidize,~에 보조금을 지급하다,,,,,,
21,surpass,"~을 능가하다, 넘어서다",,,,,,
21,takeover,인수,,,,,,
21,uncertain,확신이 없는; 불확실한,,,,,,
21,waive,"(권리, 청구 등을) 포기하다",,,,,,
22,aid,원조(돕는것),,,,,,
22,chance,가능성,,,,,,
22,clear,맑게 갠,,,,,,
22,conserve,"보존하다, 유지하다",,,,,,
22,contaminate,오염시키다,,,,,,
22,continually,계속해서,,,,,,
22,damage,"손해, 피해",,,,,,
22,deciduous,낙엽성의,,,,,,
22,deplete,고갈시키다,,,,,,
22,disaster,방출하다,,,,,,
22,disaster,재난,,,,,,
22,discharge,"처분하다, 처리하다",,,,,,
22,dispose,가뭄,,,,,,
22,drought,"자연환경, 생태",,,,,,
22,ecology,"방출, 배출가스",,,,,,
22,emission,멸종 위기에 처한,,,,,,
22,endangered,환경적인,,,,,,
22,environmental,멸종 위기에 처한,,,,,,
22,extinction,멸종,,,,,,
22,flood,홍수,,,,,,
22,forecast,(날씨의)예보,,,,,,
22,fumes,"가스, 연기",,,,,,
22,habitat,(동.식물의)서식시,,,,,,
22,ideal,이상적인,,,,,,
22,inclement,"(날씨가) 궂은, 혹독한",,,,,,
22,inflict,"(고통.피해)를 가하다, 입히다",,,,,,
22,meteorological,"가상의, 기상학상의",,,,,,
22,migration,"이동, 이주",,,,,,
22,mining,"채굴, 채광",,,,,,
22,occur,"발생하다, 생기다",,,,,,
22,organization,단체,,,,,,
22,pollutant,오염물질,,,,,,
22,precipitation,"강수량, 강우량",,,,,,
22,prominent,"저명한, 두드러진",,,,,,
22,purify,정화시키다,,,,,,
22,recycling,재활용,,,,,,
22,resource,자원,,,,,,
22,sewage,"하수, 오수",,,,,,
22,shower,소나기,,,,,,
22,solution,해결책,,,,,,
22,southern,남쪽의,,,,,,
22,vague,"모호한, 애매한",,,,,,
22,waste,쓰레기,,,,,,
23,account,고려; 게좌,,,,,,
23,accrue,"축적하다, 모으다",,,,,,
23,amount,"액수, 양",,,,,,
23,balance,"차감잔액, 잔고",,,,,,
23,belatedly,뒤늦게,,,,,,
23,bill,"~에게 청구서를 보내다; 청구서, 계산서",,,,,,
23,bounce,(수료 등이) 부도가 나 되돌아오다,,,,,,
23,cash,현금으로 바꾸다; 현금,,,,,,
23,collateral,"담보, 저당물",,,,,,
23,confiscate,"압수하다, 몰수하다",,,,,,
23,convert,"전환하다, 변환하다",,,,,,
23,counterfeit,"가짜, 모조품",,,,,,
23,curb,억제하다,,,,,,
23,delinquent,"연체된, 미불의",,,,,,
23,deposit,"입금하다, 예금하다",,,,,,
23,deterrent,"방해물, 억지물",,,,,,
23,document,"서류, 문서; 기록하다, 문서를 작성하다",,,,,,
23,due,"만기가 된, 지불기익이 된; ~에게 마땅히 지급되어야 할",,,,,,
23,expect,"예상하다, 기대하다",,,,,,
23,heavily,"몹시, 심하게",,,,,,
23,identification,신분 증명서,,,,,,
23,in common,"공동으로, 공통으로",,,,,,
23,interest,관심; 권리; 이자,,,,,,
23,investigation,조사,,,,,,
23,loan,"대부, 대부금",,,,,,
23,lower,(양. 가격을)줄이다,,,,,,
23,mortgage,"주택 융자, 저당 융자금",,,,,,
23,overdue,"미납의, 지불기한이 넘은",,,,,,
23,owe,빚지고 있다,,,,,,
23,owing to,~로 인하여,,,,,,
23,payable,지불해야 하는,,,,,,
23,personal,개인의,,,,,,
23,previously,이전에,,,,,,
23,regrettably,유감스롭게도,,,,,,
23,relation,관계,,,,,,
23,scrutinize,세밀히 조사하다,,,,,,
23,statement,"명세서, 설명서",,,,,,
23,study,연구,,,,,,
23,sustain,지속하다,,,,,,
23,transaction,"거래, 업무",,,,,,
23,turn down,거정하다,,,,,,
23,unexpected,예기치 않은,,,,,,
23,withdrawal,인출,,,,,,
24,bond,채권,,,,,,
24,cautiously,조심스럽게,,,,,,
24,confusion,혼란,,,,,,
24,consent,동의,,,,,,
24,consider,고려하다,,,,,,
24,controversy,논란,,,,,,
24,depreciation,"가치하락, 화폐의 구매력 저하",,,,,,
24,devastate,황폐시키다,,,,,,
24,dividend,배당금,,,,,,
24,entrepreneur,사업가,,,,,,
24,eventually,"결국, 마침내",,,,,,
24,foreseeable,예견할 수 있는,,,,,,
24,increasing,증가하는,,,,,,
24,inherently,본질적으로,,,,,,
24,innate,타고난,,,,,,
24,insecure,"불안한, 확신이 안 가는",,,,,,
24,investor,투자가,,,,,,
24,justify,정당화하다,,,,,,
24,legacy,"유산, 유물",,,,,,
24,lucrative,"수익성 있는, 돈벌이가 되는",,,,,,
24,manipulation,"조작, 시장 조작",,,,,,
24,nearly,"거의, 대략",,,,,,
24,on behalf of,~을 대신해서,,,,,,
24,outlook,전망,,,,,,
24,outweigh,"(가치, 중요성이) ~보다 크다",,,,,,
24,pitfall,"생각치 못한 위험, 장애",,,,,,
24,plummet,폭락하다,,,,,,
24,portfolio,"포트폴리오, 투자자산구성",,,,,,
24,possible,"가능한, 있음직한",,,,,,
24,prevalent,"널리 퍼진, 유행하고 있는",,,,,,
24,property,재산,,,,,,
24,rapid,"빠른, 신속한",,,,,,
24,shareholder,주주,,,,,,
24,solely,"전적으로, 완전히",,,,,,
24,somewhat,"다소, 얼마간",,,,,,
24,speculation,추측,,,,,,
24,stability,"안정, 안정성",,,,,,
24,unbiased,"선입견 없는, 편견없는",,,,,,
24,unprecedented,전례없는,,,,,,
24,unwillingness,내키지 않아 함,,,,,,
24,yield,(이윤을)가져오다,,,,,,
25,alleviate,완화하다,,,,,,
25,alternative,대안;대신의,,,,,,
25,average,평균,,,,,,
25,bear,~을 몸에 지니다,,,,,,
25,cite,언급하다,,,,,,
25,clearly,명확히,,,,,,
25,commute,통근하다,,,,,,
25,conform,"(규칙등에)부합하다, 따르다",,,,,,
25,congestion,"혼잡, 체증",,,,,,
25,designated,지정된,,,,,,
25,detailed,상세한,,,,,,
25,detour,우회,,,,,,
25,divert,"우회시키다, 다른 곳으로 돌리다",,,,,,
25,emphatic,"강조하는, 단호한",,,,,,
25,equip,"갖추게 하다, 설비하다",,,,,,
25,expense,"비용, 지출",,,,,,
25,fare,교통요금,,,,,,
25,fine,벌금,,,,,,
25,fuel,연료,,,,,,
25,gratuity,"팁, 봉사료",,,,,,
25,malfunction,"오작동, 기능불량",,,,,,
25,motivate,"동기를 부여하다, 자극하다",,,,,,
25,normal,"정상, 표준",,,,,,
25,obstruct,(전망등을)차단하다; (도로등을)막다,,,,,,
25,obtain,"얻다, 획득하다",,,,,,
25,official,"공무원, 관리; 공식적인",,,,,,
25,opportunity,기회,,,,,,
25,opposite,~의 맞은편에,,,,,,
25,opposition,"반대, 대항",,,,,,
25,permit,허락하다; 허가증,,,,,,
25,principal,주요한,,,,,,
25,prominently,"눈에 잘 띄게, 두드러지게",,,,,,
25,reserved,"예약된, 예약된",,,,,,
25,reverse,"반대의, 역의",,,,,,
25,securely,"(매듭 등이) 튼튼하게, 단단하게",,,,,,
25,simply,"그저, 간단히",,,,,,
25,thereafter,그 후 ,,,,,,
25,tow,(차를)견인하다,,,,,,
25,transportation,운송 수단,,,,,,
25,vehicle,"차량, 운송 수산",,,,,,
26,abbreviate,"요약하다, 단축하다",,,,,,
26,adjourn,(회의 등을)휴회하다,,,,,,
26,agenda,"의제, 의사일정",,,,,,
26,attention,"주의, 경청",,,,,,
26,brief,"~에게 간단히 설명하다, 브리핑하다",,,,,,
26,coherent,"조리있는, 일관성 있는",,,,,,
26,comment,논평하다,,,,,,
26,confine,"제한하다, ~에 한정시키다",,,,,,
26,consensus,"여론, 일치된 의견",,,,,,
26,constructive,건설적인,,,,,,
26,contstraint,제한,,,,,,
26,convene,"(회원 등이) 모이다, (회의가) 개최되다",,,,,,
26,convince,"확신시키다, 납득시키다",,,,,,
26,coordination,"조정, 중재",,,,,,
26,defer,"연기하다, 미루다",,,,,,
26,differ,"다르다, 의견을 달리하다",,,,,,
26,discuss,토론하다,,,,,,
26,disperse,(군중 등이) 흩어지다,,,,,,
26,distract,"(주의를) 흩뜨리다, 빗가게 하다",,,,,,
26,easy,"쉬운, 용이한",,,,,,
26,elaborate,상세하게 설명하다,,,,,,
26,emphasis,"강조, 중점",,,,,,
26,factoin,"파벌, 당파",,,,,,
26,give,"(연설,수업 등을)하다",,,,,,
26,hold back,"자제하다, 억제하다",,,,,,
26,illegible,읽기 어려운,,,,,,
26,irrelevant,"관계가 없는, 무관한",,,,,,
26,judge,"판단하다, 평가하다",,,,,,
26,mention,언급하다,,,,,,
26,object,반대하다,,,,,,
26,opponent,"반대자, 적수",,,,,,
26,organize,"정리하다, 조직하다",,,,,,
26,persuasive,설득력 있는,,,,,,
26,preside,"사회를 보다, ~의 의장을 맡아보다",,,,,,
26,press,"누르다, 언론계, 보도기관",,,,,,
26,presumably,"아마, 생각컨데",,,,,,
26,refute,반박하다,,,,,,
26,succinct,간결한,,,,,,
26,suggestion,제안,,,,,,
26,unanimous,"만장일치의, 동의하는",,,,,,
26,understanding,이해심 있는,,,,,,
26,uphold,"지지하다, 떠받들다",,,,,,
26,usually,"보통, 일반적으로",,,,,,
27,annual,매년의,,,,,,
27,arise,"(문제 등이) 일어나다, 발생하다",,,,,,
27,attend,"~에 참석하다, 출석하다",,,,,,
27,attendee,"참석자, 출석자",,,,,,
27,chronological,"시간순의, 연대순의",,,,,,
27,commence,시작되다,,,,,,
27,conference,"회의, 회담",,,,,,
27,conjunction,"연합, 공동",,,,,,
27,customize,"사용자의 희망에 맞추다, 주문에 따라 만들다",,,,,,
27,discriminate,차별하다,,,,,,
27,earn,"(금전 등을)벌다; (평판을)받다, 얻다",,,,,,
27,enroll,등록하다,,,,,,
27,entry,(경기 등의)참가자,,,,,,
27,exhibitor,출품자,,,,,,
27,existing,"기존의, 현행의",,,,,,
27,exploit,"착취하다, 부당하게 이용하다",,,,,,
27,function,"연회, 행사",,,,,,
27,give in,"굴복하다, 양보하다",,,,,,
27,honor,존경,,,,,,
27,host,주최하다,,,,,,
27,include,포함하다,,,,,,
27,labor,노동,,,,,,
27,leave,휴가,,,,,,
27,lecture,"강의, 강연",,,,,,
27,morale,사기,,,,,,
27,objective,"목적, 목표",,,,,,
27,participant,참가자,,,,,,
27,purpose,"목적, 의도",,,,,,
27,refer,참조하다; 언급하다,,,,,,
27,regard,"~을 ~으로 여기다, 간주하다; 관심, 배려",,,,,,
27,registration,등록,,,,,,
27,reimbersement,"변제, 상환",,,,,,
27,require,요구하다,,,,,,
27,respectfully,"공손하게, 정중하게",,,,,,
27,responsibility,"부담, 책임, 의무",,,,,,
27,result,결과;(~의 결과로)되다,,,,,,
27,schedule,~을 예정하다,,,,,,
27,tentative,"임시적인, 잠정적인",,,,,,
27,union,노동조합,,,,,,
27,unused,사용하지 않은,,,,,,
28,above all,무엇보다도,,,,,,
28,appoint,지명하다,,,,,,
28,appraisal,평가,,,,,,
28,appreciation,감사,,,,,,
28,award,상;(상 등을)수여하다,,,,,,
28,characteristic,"특징, 특성",,,,,,
28,congratulate,축하하다,,,,,,
28,cordially,"진심으로, 성심 성의껏",,,,,,
28,dedication,헌신,,,,,,
28,delicate,"민감한, 세심한 주의가 필요한",,,,,,
28,early,시간상 이론,,,,,,
28,encouragement,격려,,,,,,
28,evaluate,평가하다,,,,,,
28,exceptional,"매우 뛰어난, 예외적인",,,,,,
28,imcompetent,무능한,,,,,,
28,lay off,해고하다,,,,,,
28,level,"(사회적)지위, 수준",,,,,,
28,nomination,"지명, 임명",,,,,,
28,participation,"참여, 참가, 가입",,,,,,
28,performance,"실적, 성과; 연주, 연기",,,,,,
28,praise,칭찬,,,,,,
28,predecessor,전임자,,,,,,
28,predict,예측하다,,,,,,
28,progress,"진척, 진전",,,,,,
28,promote,승진시키다; 촉진하다,,,,,,
28,put in for,~을 신청하다,,,,,,
28,radically,"근본적으로, 완전히",,,,,,
28,reorganize,"재편성하다, 재조직하다",,,,,,
28,resignation,"사직, 사직서",,,,,,
28,reward,"~에 보답하다; 보상, 포상",,,,,,
28,search,"탐색, 수색",,,,,,
28,serve,근무하다,,,,,,
28,skilled,노련한,,,,,,
28,stand in for,"~의 대리를 맡다, ~을 대신하다",,,,,,
28,strictly,엄격히,,,,,,
28,transfer,보내다; 전근시키다,,,,,,
28,undoubtedly,"의심할 여지없이, 틀림없이",,,,,,
29,adjacent,인접한,,,,,,
29,annex,"별관, 중축 건물",,,,,,
29,arrange,"배열하다, 정돈하다",,,,,,
29,community,"지역사회, 공동체",,,,,,
29,complex,"(건물 등의) 집합체,복합체, 단지; 복잡한",,,,,,
29,compulsory,의무적인,,,,,,
29,consist,"이루어지다, 구성되다",,,,,,
29,construction,"건설, 건축",,,,,,
29,currently,현재,,,,,,
29,delay,"연기하다, ~을 뒤로 미루다",,,,,,
29,demolish,파괴하다,,,,,,
29,densely,"밀집하여, 빽백이",,,,,,
29,describe,"말로 설명하다, 묘사하다",,,,,,
29,desirable,"바람직한, 이상적인",,,,,,
29,district,"지구, 지역",,,,,,
29,drape,(방 등을 커튼 등으로) 장식하다,,,,,,
29,finally,"마침내, 결국",,,,,,
29,furnished,가구가 비치된,,,,,,
29,install,"설치하다, 장치하다",,,,,,
29,insulation,단열재,,,,,,
29,interfere,"방해하다, 해치다",,,,,,
29,location,"장소, 위치",,,,,,
29,maintain,"보존하다, 유지하다",,,,,,
29,numerous,많은,,,,,,
29,overprice,과하게 값을 매기다,,,,,,
29,permanent,영구적인,,,,,,
29,premises,"구내, 토지가 딸린 건물",,,,,,
29,presently,현재,,,,,,
29,renewal,재개발,,,,,,
29,renovation,"수리, 수선",,,,,,
29,repair,수리하다,,,,,,
29,residence,"주택, 저택",,,,,,
29,restore,"복구하다, 회복시키다",,,,,,
29,spacious,(공간이) 넓은,,,,,,
29,structure,구조물,,,,,,
29,tenant,(가옥 등의) 임차인,,,,,,
29,unoccupied,"(집 등이) 비어있는, 사람이 살지 않는",,,,,,
29,urban,도시의,,,,,,
29,utility,"공공시설, 공공요금",,,,,,
30,antibiotic,항생제,,,,,,
30,asthma,천식,,,,,,
30,checkup,건강진단,,,,,,
30,chronic,만성의,,,,,,
30,combination,"결합, 연합",,,,,,
30,comprehensive,"종합적인, 포괄적인",,,,,,
30,conscious,"알고있는, 지각하고 있는",,,,,,
30,coverage,"(보험의)보상범위;(신문등의)보도, 취재범위",,,,,,
30,deprivation,"박탈, 상실",,,,,,
30,deter,"단념시키다, 막다",,,,,,
30,diagnosis,진단,,,,,,
30,dose,(약의) 1회 복용량,,,,,,
30,duration,"지속 기간, 지속",,,,,,
30,eliminate,제거하다,,,,,,
30,eradicate,"근절하다, 뿌리뽑다",,,,,,
30,exposure,노출,,,,,,
30,fatigue,피로,,,,,,
30,forbid,금지하다,,,,,,
30,health,"건강; (사회. 기관의)번영, 안녕",,,,,,
30,immune,면역의,,,,,,
30,induce,유발하다,,,,,,
30,inhalation,흡입,,,,,,
30,insurance,보험,,,,,,
30,join,~에 가입하다,,,,,,
30,medicinal,"약용의, 치유력이 있는",,,,,,
30,nutrition,영양,,,,,,
30,periodically,주기적으로,,,,,,
30,pharmaceutical,"제약의, 약학의",,,,,,
30,physician,내과의사,,,,,,
30,premium,보험료,,,,,,
30,prescribe,(약을)처방하다,,,,,,
30,prevention,예방,,,,,,
30,prolonged,"장기의, 오래 끄는",,,,,,
30,reaction,반응,,,,,,
30,rebust,"튼튼한, 강건한",,,,,,
30,recommand,"권고하다, 추천하다",,,,,,
30,recovery,"쾌유, 회복",,,,,,
30,relieve,완화시키다,,,,,,
30,remedy,"치료법, 의약",,,,,,
30,susceptible,"~에 감염되기 쉬운, 영향 받기 쉬운",,,,,,
30,symptom,증상,,,,,,
